accuracy,balanced_accuracy,roc_auc,f1,precision,recall,sensitivity,specificity,fold,classifier,feature_set,split,best_params,best_inner_cv_auc,n_train,n_val
0.65,0.5595238095238095,0.6547619047619048,0.7586206896551724,0.7333333333333333,0.7857142857142857,0.7857142857142857,0.3333333333333333,0,RandomForest,GLCM+GLRLM,drishti_val,"{""clf__max_depth"": null, ""clf__min_samples_leaf"": 1, ""clf__n_estimators"": 100}",0.503167641325536,81.0,20.0
0.5,0.5,0.5977777777777777,0.6666666666666666,0.5,1.0,1.0,0.0,0,RandomForest,GLCM+GLRLM,hrf_per_fold,"{""clf__max_depth"": null, ""clf__min_samples_leaf"": 1, ""clf__n_estimators"": 100}",0.503167641325536,81.0,30.0
0.35051546391752575,0.4941860465116279,0.3607808901107066,0.5190839694656488,0.35196687370600416,0.9883720930232558,0.9883720930232558,0.0,0,RandomForest,GLCM+GLRLM,rimone_per_fold,"{""clf__max_depth"": null, ""clf__min_samples_leaf"": 1, ""clf__n_estimators"": 100}",0.503167641325536,81.0,485.0
0.12244897959183673,0.5,0.4321705426356588,0.21818181818181817,0.12244897959183673,1.0,1.0,0.0,0,RandomForest,GLCM+GLRLM,rimone_r1_per_fold,"{""clf__max_depth"": null, ""clf__min_samples_leaf"": 1, ""clf__n_estimators"": 100}",0.503167641325536,81.0,98.0
0.428,0.49537037037037035,0.32208528951486703,0.5994397759103641,0.42971887550200805,0.9907407407407407,0.9907407407407407,0.0,0,RandomForest,GLCM+GLRLM,rimone_r2_per_fold,"{""clf__max_depth"": null, ""clf__min_samples_leaf"": 1, ""clf__n_estimators"": 100}",0.503167641325536,81.0,250.0
0.3722627737226277,0.49038461538461536,0.40361990950226245,0.5425531914893617,0.375,0.9807692307692307,0.9807692307692307,0.0,0,RandomForest,GLCM+GLRLM,rimone_r3_per_fold,"{""clf__max_depth"": null, ""clf__min_samples_leaf"": 1, ""clf__n_estimators"": 100}",0.503167641325536,81.0,137.0
0.6,0.47619047619047616,0.44047619047619047,0.7333333333333333,0.6875,0.7857142857142857,0.7857142857142857,0.16666666666666666,1,RandomForest,GLCM+GLRLM,drishti_val,"{""clf__max_depth"": null, ""clf__min_samples_leaf"": 3, ""clf__n_estimators"": 100}",0.6142787524366472,81.0,20.0
0.5,0.5,0.76,0.6511627906976745,0.5,0.9333333333333333,0.9333333333333333,0.06666666666666667,1,RandomForest,GLCM+GLRLM,hrf_per_fold,"{""clf__max_depth"": null, ""clf__min_samples_leaf"": 3, ""clf__n_estimators"": 100}",0.6142787524366472,81.0,30.0
0.6247422680412371,0.5940263021026821,0.6363957203358348,0.48,0.47191011235955055,0.4883720930232558,0.4883720930232558,0.6996805111821086,1,RandomForest,GLCM+GLRLM,rimone_per_fold,"{""clf__max_depth"": null, ""clf__min_samples_leaf"": 3, ""clf__n_estimators"": 100}",0.6142787524366472,81.0,485.0
0.5714285714285714,0.46899224806201545,0.4273255813953488,0.16,0.10526315789473684,0.3333333333333333,0.3333333333333333,0.6046511627906976,1,RandomForest,GLCM+GLRLM,rimone_r1_per_fold,"{""clf__max_depth"": null, ""clf__min_samples_leaf"": 3, ""clf__n_estimators"": 100}",0.6142787524366472,81.0,98.0
0.668,0.6489958268127283,0.7281559728742828,0.5699481865284974,0.6470588235294118,0.5092592592592593,0.5092592592592593,0.7887323943661971,1,RandomForest,GLCM+GLRLM,rimone_r2_per_fold,"{""clf__max_depth"": null, ""clf__min_samples_leaf"": 3, ""clf__n_estimators"": 100}",0.6142787524366472,81.0,250.0
0.583941605839416,0.5639140271493213,0.5805429864253394,0.4672897196261682,0.45454545454545453,0.4807692307692308,0.4807692307692308,0.6470588235294118,1,RandomForest,GLCM+GLRLM,rimone_r3_per_fold,"{""clf__max_depth"": null, ""clf__min_samples_leaf"": 3, ""clf__n_estimators"": 100}",0.6142787524366472,81.0,137.0
0.5,0.45238095238095233,0.5238095238095237,0.6153846153846154,0.6666666666666666,0.5714285714285714,0.5714285714285714,0.3333333333333333,2,RandomForest,GLCM+GLRLM,drishti_val,"{""clf__max_depth"": null, ""clf__min_samples_leaf"": 3, ""clf__n_estimators"": 200}",0.5849171539961014,81.0,20.0
0.5,0.5,0.5733333333333334,0.6511627906976745,0.5,0.9333333333333333,0.9333333333333333,0.06666666666666667,2,RandomForest,GLCM+GLRLM,hrf_per_fold,"{""clf__max_depth"": null, ""clf__min_samples_leaf"": 3, ""clf__n_estimators"": 200}",0.5849171539961014,81.0,30.0
0.6474226804123712,0.5435024890407906,0.6268667805929118,0.2723404255319149,0.5079365079365079,0.18604651162790697,0.18604651162790697,0.9009584664536742,2,RandomForest,GLCM+GLRLM,rimone_per_fold,"{""clf__max_depth"": null, ""clf__min_samples_leaf"": 3, ""clf__n_estimators"": 200}",0.5849171539961014,81.0,485.0
0.7959183673469388,0.5251937984496124,0.5668604651162791,0.16666666666666666,0.16666666666666666,0.16666666666666666,0.16666666666666666,0.8837209302325582,2,RandomForest,GLCM+GLRLM,rimone_r1_per_fold,"{""clf__max_depth"": null, ""clf__min_samples_leaf"": 3, ""clf__n_estimators"": 200}",0.5849171539961014,81.0,98.0
0.596,0.5324074074074074,0.7600417318727177,0.12173913043478261,1.0,0.06481481481481481,0.06481481481481481,1.0,2,RandomForest,GLCM+GLRLM,rimone_r2_per_fold,"{""clf__max_depth"": null, ""clf__min_samples_leaf"": 3, ""clf__n_estimators"": 200}",0.5849171539961014,81.0,250.0
0.635036496350365,0.5976244343891403,0.5624434389140271,0.4791666666666667,0.5227272727272727,0.4423076923076923,0.4423076923076923,0.7529411764705882,2,RandomForest,GLCM+GLRLM,rimone_r3_per_fold,"{""clf__max_depth"": null, ""clf__min_samples_leaf"": 3, ""clf__n_estimators"": 200}",0.5849171539961014,81.0,137.0
0.5714285714285714,0.5,0.5918367346938775,0.6896551724137931,0.6666666666666666,0.7142857142857143,0.7142857142857143,0.2857142857142857,3,RandomForest,GLCM+GLRLM,drishti_val,"{""clf__max_depth"": null, ""clf__min_samples_leaf"": 3, ""clf__n_estimators"": 200}",0.5164351851851852,80.0,21.0
0.5333333333333333,0.5333333333333333,0.7111111111111111,0.6818181818181818,0.5172413793103449,1.0,1.0,0.06666666666666667,3,RandomForest,GLCM+GLRLM,hrf_per_fold,"{""clf__max_depth"": null, ""clf__min_samples_leaf"": 3, ""clf__n_estimators"": 200}",0.5164351851851852,80.0,30.0
0.5773195876288659,0.584785273794487,0.6494167471580355,0.5060240963855421,0.43209876543209874,0.6104651162790697,0.6104651162790697,0.5591054313099042,3,RandomForest,GLCM+GLRLM,rimone_per_fold,"{""clf__max_depth"": null, ""clf__min_samples_leaf"": 3, ""clf__n_estimators"": 200}",0.5164351851851852,80.0,485.0
0.3877551020408163,0.40019379844961245,0.39147286821705424,0.14285714285714285,0.08620689655172414,0.4166666666666667,0.4166666666666667,0.38372093023255816,3,RandomForest,GLCM+GLRLM,rimone_r1_per_fold,"{""clf__max_depth"": null, ""clf__min_samples_leaf"": 3, ""clf__n_estimators"": 200}",0.5164351851851852,80.0,98.0
0.648,0.6502347417840375,0.7233307250912886,0.6206896551724138,0.5806451612903226,0.6666666666666666,0.6666666666666666,0.6338028169014085,3,RandomForest,GLCM+GLRLM,rimone_r2_per_fold,"{""clf__max_depth"": null, ""clf__min_samples_leaf"": 3, ""clf__n_estimators"": 200}",0.5164351851851852,80.0,250.0
0.583941605839416,0.5751131221719457,0.6377828054298642,0.49557522123893805,0.45901639344262296,0.5384615384615384,0.5384615384615384,0.611764705882353,3,RandomForest,GLCM+GLRLM,rimone_r3_per_fold,"{""clf__max_depth"": null, ""clf__min_samples_leaf"": 3, ""clf__n_estimators"": 200}",0.5164351851851852,80.0,137.0
0.55,0.5357142857142857,0.5595238095238095,0.64,0.7272727272727273,0.5714285714285714,0.5714285714285714,0.5,4,RandomForest,GLCM+GLRLM,drishti_val,"{""clf__max_depth"": null, ""clf__min_samples_leaf"": 3, ""clf__n_estimators"": 100}",0.5793128654970761,81.0,20.0
0.5,0.5,0.6488888888888888,0.6666666666666666,0.5,1.0,1.0,0.0,4,RandomForest,GLCM+GLRLM,hrf_per_fold,"{""clf__max_depth"": null, ""clf__min_samples_leaf"": 3, ""clf__n_estimators"": 100}",0.5793128654970761,81.0,30.0
0.5711340206185567,0.5708262129430122,0.6040381900586969,0.48514851485148514,0.4224137931034483,0.5697674418604651,0.5697674418604651,0.5718849840255591,4,RandomForest,GLCM+GLRLM,rimone_per_fold,"{""clf__max_depth"": null, ""clf__min_samples_leaf"": 3, ""clf__n_estimators"": 100}",0.5793128654970761,81.0,485.0
0.45918367346938777,0.4050387596899225,0.3536821705426356,0.13114754098360656,0.08163265306122448,0.3333333333333333,0.3333333333333333,0.47674418604651164,4,RandomForest,GLCM+GLRLM,rimone_r1_per_fold,"{""clf__max_depth"": null, ""clf__min_samples_leaf"": 3, ""clf__n_estimators"": 100}",0.5793128654970761,81.0,98.0
0.624,0.6224569640062598,0.6644496609285342,0.584070796460177,0.559322033898305,0.6111111111111112,0.6111111111111112,0.6338028169014085,4,RandomForest,GLCM+GLRLM,rimone_r2_per_fold,"{""clf__max_depth"": null, ""clf__min_samples_leaf"": 3, ""clf__n_estimators"": 100}",0.5793128654970761,81.0,250.0
0.5547445255474452,0.5515837104072399,0.5943438914027149,0.47863247863247865,0.4307692307692308,0.5384615384615384,0.5384615384615384,0.5647058823529412,4,RandomForest,GLCM+GLRLM,rimone_r3_per_fold,"{""clf__max_depth"": null, ""clf__min_samples_leaf"": 3, ""clf__n_estimators"": 100}",0.5793128654970761,81.0,137.0
0.5333333333333333,0.5333333333333333,0.6666666666666666,0.6818181818181818,0.5172413793103449,1.0,1.0,0.06666666666666667,pooled,RandomForest,GLCM+GLRLM,hrf_pooled,mean_of_5_folds,,,
0.5690721649484536,0.5980384872575971,0.6255108106100007,0.534521158129176,0.4332129963898917,0.6976744186046512,0.6976744186046512,0.4984025559105431,pooled,RandomForest,GLCM+GLRLM,rimone_pooled,mean_of_5_folds,,,
0.37755102040816324,0.43023255813953487,0.4108527131782946,0.1643835616438356,0.09836065573770492,0.5,0.5,0.36046511627906974,pooled,RandomForest,GLCM+GLRLM,rimone_r1_pooled,mean_of_5_folds,,,
0.664,0.6765127803860198,0.7204616588419406,0.664,0.5845070422535211,0.7685185185185185,0.7685185185185185,0.5845070422535211,pooled,RandomForest,GLCM+GLRLM,rimone_r2_pooled,mean_of_5_folds,,,
0.5328467153284672,0.5451357466063349,0.5975113122171946,0.49206349206349204,0.4189189189189189,0.5961538461538461,0.5961538461538461,0.49411764705882355,pooled,RandomForest,GLCM+GLRLM,rimone_r3_pooled,mean_of_5_folds,,,
