classifier,feature_set,split,roc_auc_mean,roc_auc_std,sensitivity_mean,sensitivity_std,specificity_mean,specificity_std,f1_mean,f1_std,precision_mean,precision_std,accuracy_mean,accuracy_std,balanced_accuracy_mean,balanced_accuracy_std
SVM,GLCM,drishti_val,0.46020408163265303,0.10953622061762207,0.9571428571428571,0.095831484749991,0.09523809523809523,0.14677176197545183,0.8110531309297911,0.06089583259884323,0.7049673202614379,0.046713968813516825,0.6942857142857143,0.08119012707647329,0.5261904761904762,0.08003683959034098
SVM,GLCM,hrf_per_fold,0.4373333333333333,0.2100111696030111,1.0,0.0,0.0,0.0,0.6666666666666666,0.0,0.5,0.0,0.5,0.0,0.5,0.0
SVM,GLCM,rimone_per_fold,0.5205958837952299,0.0294148432363407,1.0,0.0,0.0,0.0,0.5235920852359208,0.0,0.354639175257732,0.0,0.354639175257732,0.0,0.5,0.0
SVM,GLCM,rimone_r1_per_fold,0.5817829457364341,0.07602298449168758,1.0,0.0,0.0,0.0,0.21818181818181817,0.0,0.12244897959183673,0.0,0.12244897959183673,0.0,0.5,0.0
SVM,GLCM,rimone_r2_per_fold,0.5453051643192488,0.042544072697756306,1.0,0.0,0.0,0.0,0.6033519553072626,0.0,0.43200000000000005,6.206335383118183e-17,0.43200000000000005,6.206335383118183e-17,0.5,0.0
SVM,GLCM,rimone_r3_per_fold,0.49651583710407243,0.07269569106851063,1.0,0.0,0.0,0.0,0.5502645502645502,0.0,0.3795620437956204,0.0,0.3795620437956204,0.0,0.5,0.0
SVM,GLCM,hrf_pooled,0.6311111111111112,,1.0,,0.0,,0.6666666666666666,,0.5,,0.5,,0.5,
SVM,GLCM,rimone_pooled,0.5368712385764174,,1.0,,0.0,,0.5235920852359208,,0.354639175257732,,0.354639175257732,,0.5,
SVM,GLCM,rimone_r1_pooled,0.7005813953488372,,1.0,,0.0,,0.21818181818181817,,0.12244897959183673,,0.12244897959183673,,0.5,
SVM,GLCM,rimone_r2_pooled,0.567227438706312,,1.0,,0.0,,0.6033519553072626,,0.432,,0.432,,0.5,
SVM,GLCM,rimone_r3_pooled,0.557918552036199,,1.0,,0.0,,0.5502645502645502,,0.3795620437956204,,0.3795620437956204,,0.5,
RandomForest,GLCM,drishti_val,0.5731292517006803,0.09803651048525401,0.7142857142857142,0.16751484856512247,0.3571428571428571,0.1438457853999354,0.7082290230677328,0.113687249036582,0.7100867269984917,0.07575126433455523,0.6052380952380954,0.13008805669365298,0.5357142857142858,0.11418646484077906
RandomForest,GLCM,hrf_per_fold,0.703111111111111,0.045693557911021775,0.96,0.08944271909999157,0.12,0.1591644851508443,0.6757575757575757,0.008298826628866145,0.5246305418719212,0.027205322702431655,0.5399999999999999,0.036514837167011066,0.54,0.036514837167011115
RandomForest,GLCM,rimone_per_fold,0.6096088119473958,0.0968031731082671,0.6906976744186046,0.27345366414789785,0.43706070287539933,0.35374208200957746,0.4973731101345395,0.06369406674491716,0.4462118651810991,0.11218482479832763,0.5270103092783505,0.1368659110463483,0.563879188647002,0.05690304532048944
RandomForest,GLCM,rimone_r1_per_fold,0.4198643410852713,0.07419485121258446,0.5333333333333333,0.39352396510391985,0.3790697674418605,0.33354058817315874,0.14564541449054647,0.09155032337221418,0.08492683964553292,0.05229571006845298,0.3979591836734694,0.24690925780740533,0.4562015503875969,0.060332510873302374
RandomForest,GLCM,rimone_r2_per_fold,0.6597417840375588,0.15301213942890496,0.6981481481481481,0.2903482843074406,0.4845070422535211,0.40440566229283326,0.5698787057786598,0.11221173875268582,0.5877793227778246,0.1808205282912106,0.5768,0.12571077917187531,0.5913275952008347,0.09097111868087347
RandomForest,GLCM,rimone_r3_per_fold,0.6111312217194571,0.04723379681539308,0.7115384615384615,0.2230271827835231,0.41647058823529404,0.30910071594086563,0.5289422479212783,0.03171331637149591,0.45062907282419473,0.07441027247107887,0.5284671532846715,0.1091966899559751,0.5640045248868778,0.04824812477386481
RandomForest,GLCM,hrf_pooled,0.7066666666666666,,1.0,,0.06666666666666667,,0.6818181818181818,,0.5172413793103449,,0.5333333333333333,,0.5333333333333333,
RandomForest,GLCM,rimone_pooled,0.6411044654134779,,0.6686046511627907,,0.5111821086261981,,0.5227272727272727,,0.4291044776119403,,0.5670103092783505,,0.5898933798944943,
RandomForest,GLCM,rimone_r1_pooled,0.3953488372093023,,0.5,,0.37209302325581395,,0.16666666666666666,,0.1,,0.3877551020408163,,0.436046511627907,
RandomForest,GLCM,rimone_r2_pooled,0.7211137193531559,,0.7314814814814815,,0.6056338028169014,,0.6502057613168725,,0.5851851851851851,,0.66,,0.6685576421491914,
RandomForest,GLCM,rimone_r3_pooled,0.6230769230769231,,0.5769230769230769,,0.49411764705882355,,0.48,,0.410958904109589,,0.5255474452554745,,0.5355203619909502,
XGBoost,GLCM,drishti_val,0.5265306122448979,0.1067005772662409,0.7857142857142857,0.08748177652797065,0.2571428571428571,0.14521857792358958,0.7418122107777279,0.03925953422474818,0.7063659147869674,0.0299336687103173,0.6242857142857143,0.0366310897284517,0.5214285714285714,0.040720550896397784
XGBoost,GLCM,hrf_per_fold,0.6426666666666667,0.11332679719714557,1.0,0.0,0.06666666666666668,0.06666666666666667,0.6821000704721635,0.015504676768350729,0.5177339901477833,0.017859266053495058,0.5333333333333334,0.033333333333333326,0.5333333333333334,0.033333333333333326
XGBoost,GLCM,rimone_per_fold,0.5654636302845679,0.03702597572639793,0.8837209302325582,0.21835246463039445,0.11693290734824283,0.2454102565096718,0.5002643385767584,0.040135436795430045,0.3574186847185284,0.012823079122156016,0.38886597938144335,0.08131400411604514,0.5003269187904005,0.015779542689612677
XGBoost,GLCM,rimone_r1_per_fold,0.4083333333333333,0.053865641961004795,0.8666666666666668,0.2981423969999719,0.08372093023255814,0.1679820099049408,0.19894227476197957,0.04642872462093323,0.11275694759727006,0.023827226688795906,0.17959183673469387,0.11098551372390797,0.47519379844961235,0.06539656822149104
XGBoost,GLCM,rimone_r2_per_fold,0.6196726656233699,0.05301842727782886,0.8962962962962964,0.1860396951609602,0.1295774647887324,0.28974401961969104,0.5870021199452512,0.01815305865277402,0.45135937606722215,0.05504491779856719,0.4608,0.08482452475552103,0.5129368805425144,0.05287021868216579
XGBoost,GLCM,rimone_r3_per_fold,0.5632579185520362,0.020678380295416212,0.8615384615384615,0.2673007746752931,0.12941176470588237,0.24998269836324444,0.5115668860349711,0.07918430486980275,0.37474568774878375,0.01034954467519923,0.40729927007299277,0.05398499879445432,0.49547511312217196,0.010687501193603333
XGBoost,GLCM,hrf_pooled,0.72,,1.0,,0.06666666666666667,,0.6818181818181818,,0.5172413793103449,,0.5333333333333333,,0.5333333333333333,
XGBoost,GLCM,rimone_pooled,0.5831971171706665,,0.9883720930232558,,0.003194888178913738,,0.5198776758409785,,0.35269709543568467,,0.3525773195876289,,0.4957834906010848,
XGBoost,GLCM,rimone_r1_pooled,0.3701550387596899,,1.0,,0.0,,0.21818181818181817,,0.12244897959183673,,0.12244897959183673,,0.5,
XGBoost,GLCM,rimone_r2_pooled,0.6565923317683882,,0.9907407407407407,,0.0,,0.5994397759103641,,0.42971887550200805,,0.428,,0.49537037037037035,
XGBoost,GLCM,rimone_r3_pooled,0.5645927601809956,,0.9807692307692307,,0.011764705882352941,,0.5454545454545454,,0.37777777777777777,,0.3795620437956204,,0.4962669683257918,
SVM,GLRLM,drishti_val,0.47857142857142854,0.14662684988287775,0.9857142857142858,0.03194382824999698,0.0,0.0,0.8117647058823529,0.026306682088232825,0.6899999999999998,0.02236067977499787,0.6838095238095236,0.03620300534999657,0.4928571428571429,0.01597191412499849
SVM,GLRLM,hrf_per_fold,0.4924444444444445,0.23364846444663745,1.0,0.0,0.0,0.0,0.6666666666666666,0.0,0.5,0.0,0.5,0.0,0.5,0.0
SVM,GLRLM,rimone_per_fold,0.5219555687643956,0.07295322170159947,1.0,0.0,0.0,0.0,0.5235920852359208,0.0,0.354639175257732,0.0,0.354639175257732,0.0,0.5,0.0
SVM,GLRLM,rimone_r1_per_fold,0.5432170542635658,0.04383337943091536,1.0,0.0,0.0,0.0,0.21818181818181817,0.0,0.12244897959183673,0.0,0.12244897959183673,0.0,0.5,0.0
SVM,GLRLM,rimone_r2_per_fold,0.554942618675013,0.12455196074582961,1.0,0.0,0.0,0.0,0.6033519553072626,0.0,0.43200000000000005,6.206335383118183e-17,0.43200000000000005,6.206335383118183e-17,0.5,0.0
SVM,GLRLM,rimone_r3_per_fold,0.531764705882353,0.04447920070857521,1.0,0.0,0.0,0.0,0.5502645502645502,0.0,0.3795620437956204,0.0,0.3795620437956204,0.0,0.5,0.0
SVM,GLRLM,hrf_pooled,0.7022222222222222,,1.0,,0.0,,0.6666666666666666,,0.5,,0.5,,0.5,
SVM,GLRLM,rimone_pooled,0.5226985660153057,,1.0,,0.0,,0.5235920852359208,,0.354639175257732,,0.354639175257732,,0.5,
SVM,GLRLM,rimone_r1_pooled,0.5920542635658915,,1.0,,0.0,,0.21818181818181817,,0.12244897959183673,,0.12244897959183673,,0.5,
SVM,GLRLM,rimone_r2_pooled,0.5922013562858633,,1.0,,0.0,,0.6033519553072626,,0.432,,0.432,,0.5,
SVM,GLRLM,rimone_r3_pooled,0.5914027149321267,,1.0,,0.0,,0.5502645502645502,,0.3795620437956204,,0.3795620437956204,,0.5,
RandomForest,GLRLM,drishti_val,0.5505102040816325,0.06431630125739576,0.7142857142857142,0.08748177652797061,0.41428571428571426,0.16374998918142283,0.7230022595539838,0.04806154098188776,0.7371794871794871,0.04028783682684789,0.6238095238095238,0.055965044159729305,0.5642857142857143,0.07073071798815692
RandomForest,GLRLM,hrf_per_fold,0.6484444444444444,0.08228826176734663,0.7866666666666666,0.264154836748786,0.3466666666666667,0.3602468289628346,0.6324872646733112,0.06238668856312396,0.5739234839234839,0.08307925105393349,0.5666666666666667,0.05270462766947298,0.5666666666666667,0.05270462766947298
RandomForest,GLRLM,rimone_per_fold,0.49567204101344825,0.10463002338775959,0.5744186046511628,0.32693861632211274,0.4753993610223642,0.332186952423373,0.4244062001561352,0.11848909368160035,0.38387382052448726,0.040954080235182946,0.5105154639175258,0.10589591161172478,0.5249089828367636,0.04089109540336605
RandomForest,GLRLM,rimone_r1_per_fold,0.4731589147286822,0.075624552874156,0.5666666666666667,0.3456073558887954,0.4674418604651163,0.3377501676841728,0.2043789784398621,0.05973018325776103,0.13510356758477057,0.04892970301363042,0.4795918367346939,0.2564251402679401,0.5170542635658915,0.05299244877740826
RandomForest,GLRLM,rimone_r2_per_fold,0.5132237871674491,0.1807138395653939,0.5592592592592592,0.3823076275527968,0.4873239436619719,0.40366919585055683,0.440488714833881,0.22669158932232072,0.5762155138094988,0.25757139480076074,0.5184,0.10898073224198855,0.5232916014606156,0.08958179975466507
RandomForest,GLRLM,rimone_r3_per_fold,0.5322850678733031,0.0811376457067137,0.6076923076923078,0.25461712757943983,0.46352941176470586,0.30527088203542296,0.47614253629791925,0.055823302912067045,0.4259256276886312,0.047124776748260704,0.5182481751824817,0.09333366315725856,0.5356108597285066,0.027478141656095745
RandomForest,GLRLM,hrf_pooled,0.68,,0.9333333333333333,,0.3333333333333333,,0.717948717948718,,0.5833333333333334,,0.6333333333333333,,0.6333333333333333,
RandomForest,GLRLM,rimone_pooled,0.47284345047923326,,0.5232558139534884,,0.43450479233226835,,0.41002277904328016,,0.33707865168539325,,0.465979381443299,,0.4788803031428784,
RandomForest,GLRLM,rimone_r1_pooled,0.5232558139534884,,0.75,,0.3488372093023256,,0.23376623376623376,,0.13846153846153847,,0.3979591836734694,,0.5494186046511628,
RandomForest,GLRLM,rimone_r2_pooled,0.47619979134063645,,0.4351851851851852,,0.5352112676056338,,0.4253393665158371,,0.415929203539823,,0.492,,0.48519822639540944,
RandomForest,GLRLM,rimone_r3_pooled,0.554524886877828,,0.6538461538461539,,0.35294117647058826,,0.48226950354609927,,0.38202247191011235,,0.46715328467153283,,0.503393665158371,
XGBoost,GLRLM,drishti_val,0.4989795918367347,0.10987236967766215,0.8,0.11736911946539272,0.13333333333333333,0.13944333775567924,0.7301103197877392,0.07810725230033927,0.6745521892967714,0.06362170996638998,0.5957142857142856,0.09591131107349507,0.4666666666666666,0.08434756944723022
XGBoost,GLRLM,hrf_per_fold,0.695111111111111,0.10407025167621449,0.9066666666666666,0.17384539747207065,0.21333333333333332,0.17888543819998318,0.6694958607407308,0.08416609806237639,0.5360489782449854,0.06053915770088012,0.5599999999999999,0.0862811940369652,0.5599999999999999,0.0862811940369652
XGBoost,GLRLM,rimone_per_fold,0.49161527602347876,0.11040091880869547,0.7744186046511627,0.30102021407322843,0.2210862619808307,0.313550238892277,0.46501239920057724,0.10087068405762778,0.3539961982120271,0.020310329515550174,0.417319587628866,0.10148854912326771,0.4977524333159968,0.03615342748296981
XGBoost,GLRLM,rimone_r1_per_fold,0.5005813953488372,0.05557193774746488,0.7666666666666666,0.24579802006254375,0.213953488372093,0.28655183197234374,0.20915416153900895,0.025964924364576702,0.12443882779845147,0.022409640950626326,0.2816326530612244,0.22502255891352685,0.49031007751937994,0.06490439988885495
XGBoost,GLRLM,rimone_r2_per_fold,0.5124282733437663,0.18938093080150736,0.7611111111111112,0.38492245313121726,0.2352112676056338,0.423754110448266,0.4959646512538698,0.2025065146141467,0.5019173854842537,0.1676651026994,0.4624,0.08161372433604533,0.49816118935837245,0.039022277865070024
XGBoost,GLRLM,rimone_r3_per_fold,0.509027149321267,0.08678787292400408,0.8038461538461539,0.18009284259143313,0.2047058823529412,0.21202598260835406,0.5141128209588786,0.03988932971143289,0.38439916103255484,0.024788667043953955,0.4321167883211679,0.06932385442676653,0.5042760180995475,0.033428644967683364
XGBoost,GLRLM,hrf_pooled,0.7288888888888889,,1.0,,0.2,,0.7142857142857143,,0.5555555555555556,,0.6,,0.6,
XGBoost,GLRLM,rimone_pooled,0.4725091017163237,,0.9651162790697675,,0.025559105431309903,,0.5163297045101088,,0.3524416135881104,,0.35876288659793815,,0.4953376922505387,
XGBoost,GLRLM,rimone_r1_pooled,0.5193798449612402,,1.0,,0.0,,0.21818181818181817,,0.12244897959183673,,0.12244897959183673,,0.5,
XGBoost,GLRLM,rimone_r2_pooled,0.5042057902973396,,0.9629629629629629,,0.02112676056338028,,0.5925925925925926,,0.4279835390946502,,0.428,,0.4920448617631716,
XGBoost,GLRLM,rimone_r3_pooled,0.5162895927601809,,0.9615384615384616,,0.058823529411764705,,0.5494505494505495,,0.38461538461538464,,0.40145985401459855,,0.5101809954751131,
SVM,GLCM+GLRLM,drishti_val,0.4816326530612245,0.11319046167658632,0.9714285714285715,0.063887656499994,0.0,0.0,0.8042780748663102,0.04304729796256277,0.6863157894736842,0.030598824955260277,0.6742857142857142,0.057498890849994586,0.48571428571428577,0.031943828249997
SVM,GLCM+GLRLM,hrf_per_fold,0.4675555555555556,0.232313113525796,1.0,0.0,0.0,0.0,0.6666666666666666,0.0,0.5,0.0,0.5,0.0,0.5,0.0
SVM,GLCM+GLRLM,rimone_per_fold,0.5222304777472323,0.0979655147823035,1.0,0.0,0.0,0.0,0.5235920852359208,0.0,0.354639175257732,0.0,0.354639175257732,0.0,0.5,0.0
SVM,GLCM+GLRLM,rimone_r1_per_fold,0.560077519379845,0.12036389387645122,1.0,0.0,0.0,0.0,0.21818181818181817,0.0,0.12244897959183673,0.0,0.12244897959183673,0.0,0.5,0.0
SVM,GLCM+GLRLM,rimone_r2_per_fold,0.5448356807511737,0.10446138213566024,1.0,0.0,0.0,0.0,0.6033519553072626,0.0,0.43200000000000005,6.206335383118183e-17,0.43200000000000005,6.206335383118183e-17,0.5,0.0
SVM,GLCM+GLRLM,rimone_r3_per_fold,0.5423076923076924,0.06315399220666416,1.0,0.0,0.0,0.0,0.5502645502645502,0.0,0.3795620437956204,0.0,0.3795620437956204,0.0,0.5,0.0
SVM,GLCM+GLRLM,hrf_pooled,0.6977777777777778,,1.0,,0.0,,0.6666666666666666,,0.5,,0.5,,0.5,
SVM,GLCM+GLRLM,rimone_pooled,0.5068912995021918,,1.0,,0.0,,0.5235920852359208,,0.354639175257732,,0.354639175257732,,0.5,
SVM,GLCM+GLRLM,rimone_r1_pooled,0.687015503875969,,1.0,,0.0,,0.21818181818181817,,0.12244897959183673,,0.12244897959183673,,0.5,
SVM,GLCM+GLRLM,rimone_r2_pooled,0.5069118414188838,,1.0,,0.0,,0.6033519553072626,,0.432,,0.432,,0.5,
SVM,GLCM+GLRLM,rimone_r3_pooled,0.5941176470588235,,1.0,,0.0,,0.5502645502645502,,0.3795620437956204,,0.3795620437956204,,0.5,
RandomForest,GLCM+GLRLM,drishti_val,0.5540816326530612,0.07970912632370437,0.6857142857142857,0.1083267920578793,0.3238095238095238,0.11975977466627898,0.6873987621573828,0.060457255896885345,0.6962878787878788,0.032266413523811786,0.5742857142857142,0.05592451180303824,0.5047619047619047,0.04341567268764399
RandomForest,GLCM+GLRLM,hrf_per_fold,0.6582222222222223,0.07762524726109206,0.9733333333333334,0.036514837167011066,0.04,0.03651483716701107,0.6634954193093728,0.012845472962338352,0.503448275862069,0.0077105792327579106,0.5066666666666666,0.014907119849998594,0.5066666666666666,0.014907119849998594
RandomForest,GLCM+GLRLM,rimone_per_fold,0.5754996656512371,0.12117058724897238,0.5686046511627907,0.287552755758853,0.5463258785942492,0.3348770170405359,0.4525194012469182,0.10195329788214123,0.43726521050752193,0.058561430394427356,0.5542268041237113,0.1182955438266113,0.5574652648785199,0.0401896312793382
RandomForest,GLCM+GLRLM,rimone_r1_per_fold,0.43430232558139537,0.08055875438385413,0.45,0.3205897343611891,0.46976744186046515,0.32314286130994135,0.16377063373784687,0.03348440666853274,0.11244367075323777,0.03438563067406695,0.46734693877551026,0.2470568110544209,0.45988372093023255,0.05596548927172631
RandomForest,GLCM+GLRLM,rimone_r2_per_fold,0.639612676056338,0.18082609162661797,0.5685185185185185,0.3342708010729196,0.6112676056338028,0.37325272365400886,0.499177508901247,0.21183296043168676,0.6433489788440094,0.21438506892145573,0.5928000000000001,0.09597499674394369,0.5898930620761607,0.07147342610787279
RandomForest,GLCM+GLRLM,rimone_r3_per_fold,0.5557466063348417,0.0894733595797464,0.596153846153846,0.21884243609117385,0.5152941176470588,0.2962744449202509,0.49264345553072264,0.029666143285217803,0.4484116702969162,0.053323121708745355,0.545985401459854,0.10132585805917667,0.5557239819004524,0.04026486739432822
RandomForest,GLCM+GLRLM,hrf_pooled,0.6666666666666666,,1.0,,0.06666666666666667,,0.6818181818181818,,0.5172413793103449,,0.5333333333333333,,0.5333333333333333,
RandomForest,GLCM+GLRLM,rimone_pooled,0.6255108106100007,,0.6976744186046512,,0.4984025559105431,,0.534521158129176,,0.4332129963898917,,0.5690721649484536,,0.5980384872575971,
RandomForest,GLCM+GLRLM,rimone_r1_pooled,0.4108527131782946,,0.5,,0.36046511627906974,,0.1643835616438356,,0.09836065573770492,,0.37755102040816324,,0.43023255813953487,
RandomForest,GLCM+GLRLM,rimone_r2_pooled,0.7204616588419406,,0.7685185185185185,,0.5845070422535211,,0.664,,0.5845070422535211,,0.664,,0.6765127803860198,
RandomForest,GLCM+GLRLM,rimone_r3_pooled,0.5975113122171946,,0.5961538461538461,,0.49411764705882355,,0.49206349206349204,,0.4189189189189189,,0.5328467153284672,,0.5451357466063349,
XGBoost,GLCM+GLRLM,drishti_val,0.536734693877551,0.09804093574697098,0.8142857142857143,0.1083267920578793,0.2571428571428571,0.14521857792358958,0.757698645440581,0.05439821209574438,0.7129975674480319,0.032233089201054214,0.6438095238095238,0.06278224253181997,0.5357142857142857,0.06011610082358378
XGBoost,GLCM+GLRLM,hrf_per_fold,0.5342222222222223,0.17196468198979653,0.9866666666666667,0.029814239699997188,0.013333333333333332,0.02981423969999719,0.6636363636363636,0.01659765325773229,0.5,0.012191496227354272,0.5,0.02357022603955158,0.5,0.02357022603955158
XGBoost,GLCM+GLRLM,rimone_per_fold,0.5745300542387993,0.06181310044284328,0.7151162790697674,0.2677892082075937,0.32779552715654947,0.28643379713659095,0.4734043119030008,0.06686104344531751,0.37385626312192893,0.019186764303758607,0.4651546391752578,0.09281328273596721,0.5214559031131584,0.025910732010236047
XGBoost,GLCM+GLRLM,rimone_r1_per_fold,0.46986434108527125,0.05605559435662385,0.7166666666666667,0.25413251136628173,0.2418604651162791,0.23764779352984786,0.20015491557457907,0.05112050641858664,0.11810832797219946,0.032969368086747615,0.3,0.1851696431690508,0.4792635658914728,0.08122386420763239
XGBoost,GLCM+GLRLM,rimone_r2_per_fold,0.6792383933229004,0.09662364305125916,0.712962962962963,0.2997484084488638,0.4225352112676057,0.3897809393981592,0.5558695390979911,0.0959153489511509,0.5547195954362987,0.17187815308383894,0.548,0.10248902380255168,0.5677490871152843,0.06420938883995782
XGBoost,GLCM+GLRLM,rimone_r3_per_fold,0.5246380090497738,0.05145451243159442,0.7192307692307692,0.24385949975611318,0.2564705882352941,0.21603536811553936,0.4778356407680017,0.07808326589547945,0.3691268479927552,0.021695407358584978,0.4321167883211679,0.049073682668530266,0.4878506787330316,0.03039447722897713
XGBoost,GLCM+GLRLM,hrf_pooled,0.5288888888888889,,1.0,,0.0,,0.6666666666666666,,0.5,,0.5,,0.5,
XGBoost,GLCM+GLRLM,rimone_pooled,0.5787205587339327,,0.8255813953488372,,0.3354632587859425,,0.5440613026819924,,0.4057142857142857,,0.5092783505154639,,0.5805223270673898,
XGBoost,GLCM+GLRLM,rimone_r1_pooled,0.437015503875969,,0.75,,0.16279069767441862,,0.1935483870967742,,0.1111111111111111,,0.23469387755102042,,0.45639534883720934,
XGBoost,GLCM+GLRLM,rimone_r2_pooled,0.712962962962963,,0.8333333333333334,,0.5422535211267606,,0.6844106463878327,,0.5806451612903226,,0.668,,0.687793427230047,
XGBoost,GLCM+GLRLM,rimone_r3_pooled,0.5200226244343891,,0.8269230769230769,,0.16470588235294117,,0.5180722891566265,,0.37719298245614036,,0.41605839416058393,,0.495814479638009,
