Experiment,DRISHTI AUC,DRISHTI Sens,DRISHTI Spec,DRISHTI F1,DRISHTI Acc,HRF AUC,HRF Sens,HRF Spec,HRF F1,HRF Acc,RIMONE AUC,RIMONE Sens,RIMONE Spec,RIMONE F1,RIMONE Acc,RIMONE r1 AUC,RIMONE r2 AUC,RIMONE r3 AUC
GLCM + SVM,0.4602±0.1095,0.9571±0.0958,0.0952±0.1468,0.8111±0.0609,0.6943±0.0812,0.6311,1.0000,0.0000,0.6667,0.5000,0.5369,1.0000,0.0000,0.5236,0.3546,0.7006,0.5672,0.5579
GLCM + RandomForest,0.5731±0.0980,0.7143±0.1675,0.3571±0.1438,0.7082±0.1137,0.6052±0.1301,0.7067,1.0000,0.0667,0.6818,0.5333,0.6411,0.6686,0.5112,0.5227,0.5670,0.3953,0.7211,0.6231
GLCM + XGBoost,0.5265±0.1067,0.7857±0.0875,0.2571±0.1452,0.7418±0.0393,0.6243±0.0366,0.7200,1.0000,0.0667,0.6818,0.5333,0.5832,0.9884,0.0032,0.5199,0.3526,0.3702,0.6566,0.5646
GLRLM + SVM,0.4786±0.1466,0.9857±0.0319,0.0000±0.0000,0.8118±0.0263,0.6838±0.0362,0.7022,1.0000,0.0000,0.6667,0.5000,0.5227,1.0000,0.0000,0.5236,0.3546,0.5921,0.5922,0.5914
GLRLM + RandomForest,0.5505±0.0643,0.7143±0.0875,0.4143±0.1637,0.7230±0.0481,0.6238±0.0560,0.6800,0.9333,0.3333,0.7179,0.6333,0.4728,0.5233,0.4345,0.4100,0.4660,0.5233,0.4762,0.5545
GLRLM + XGBoost,0.4990±0.1099,0.8000±0.1174,0.1333±0.1394,0.7301±0.0781,0.5957±0.0959,0.7289,1.0000,0.2000,0.7143,0.6000,0.4725,0.9651,0.0256,0.5163,0.3588,0.5194,0.5042,0.5163
GLCM+GLRLM + SVM,0.4816±0.1132,0.9714±0.0639,0.0000±0.0000,0.8043±0.0430,0.6743±0.0575,0.6978,1.0000,0.0000,0.6667,0.5000,0.5069,1.0000,0.0000,0.5236,0.3546,0.6870,0.5069,0.5941
GLCM+GLRLM + RandomForest,0.5541±0.0797,0.6857±0.1083,0.3238±0.1198,0.6874±0.0605,0.5743±0.0559,0.6667,1.0000,0.0667,0.6818,0.5333,0.6255,0.6977,0.4984,0.5345,0.5691,0.4109,0.7205,0.5975
GLCM+GLRLM + XGBoost,0.5367±0.0980,0.8143±0.1083,0.2571±0.1452,0.7577±0.0544,0.6438±0.0628,0.5289,1.0000,0.0000,0.6667,0.5000,0.5787,0.8256,0.3355,0.5441,0.5093,0.4370,0.7130,0.5200
