image_id,outer_fold,y_true,y_pred,y_prob
drishtiGS_031,0,1,1,0.9071759581565857
drishtiGS_036,0,0,1,0.9503623247146606
drishtiGS_037,0,0,1,0.6464912295341492
drishtiGS_038,0,1,1,0.9540160894393921
drishtiGS_041,0,0,1,0.7728390693664551
drishtiGS_042,0,0,1,0.5101141929626465
drishtiGS_044,0,1,0,0.4418989419937134
drishtiGS_061,0,1,1,0.86653733253479
drishtiGS_062,0,1,1,0.7761260867118835
drishtiGS_068,0,1,1,0.5241771936416626
drishtiGS_069,0,1,0,0.48145776987075806
drishtiGS_088,0,1,1,0.8595396280288696
drishtiGS_101,0,0,0,0.4153512418270111
drishtiGS_025,0,1,1,0.8910761475563049
drishtiGS_043,0,1,1,0.5760765671730042
drishtiGS_052,0,1,0,0.46083778142929077
drishtiGS_053,0,1,0,0.36934131383895874
drishtiGS_067,0,1,1,0.9229223132133484
drishtiGS_087,0,1,1,0.7822842001914978
drishtiGS_100,0,0,0,0.2649630308151245
drishtiGS_008,1,0,1,0.8413184881210327
drishtiGS_010,1,1,1,0.8233155608177185
drishtiGS_017,1,0,1,0.5713745951652527
drishtiGS_018,1,0,1,0.7783092856407166
drishtiGS_049,1,1,1,0.8629022240638733
drishtiGS_058,1,1,1,0.7878994345664978
drishtiGS_063,1,1,1,0.8030308485031128
drishtiGS_064,1,1,0,0.24270929396152496
drishtiGS_081,1,1,1,0.8492704629898071
drishtiGS_084,1,1,1,0.5408200025558472
drishtiGS_009,1,0,1,0.8483259677886963
drishtiGS_019,1,1,1,0.5677191019058228
drishtiGS_021,1,1,1,0.9090028405189514
drishtiGS_029,1,1,1,0.9347209334373474
drishtiGS_030,1,1,1,0.7795472145080566
drishtiGS_048,1,1,1,0.9024710059165955
drishtiGS_065,1,1,1,0.5700217485427856
drishtiGS_082,1,1,1,0.8282341361045837
drishtiGS_085,1,0,1,0.8078176379203796
drishtiGS_096,1,0,1,0.8263047933578491
drishtiGS_004,2,1,0,0.17180873453617096
drishtiGS_051,2,1,0,0.3168781101703644
drishtiGS_057,2,0,1,0.8944241404533386
drishtiGS_080,2,1,1,0.9325564503669739
drishtiGS_092,2,0,0,0.03742947801947594
drishtiGS_098,2,0,1,0.8945320844650269
drishtiGS_003,2,1,1,0.8035603165626526
drishtiGS_013,2,0,1,0.9902043342590332
drishtiGS_014,2,1,1,0.5043749809265137
drishtiGS_020,2,1,1,0.9727907180786133
drishtiGS_027,2,1,0,0.0801510363817215
drishtiGS_028,2,1,1,0.7114903926849365
drishtiGS_050,2,1,1,0.6209872364997864
drishtiGS_054,2,1,0,0.23797065019607544
drishtiGS_055,2,1,1,0.9789249897003174
drishtiGS_056,2,1,1,0.8724902272224426
drishtiGS_078,2,0,1,0.9348399639129639
drishtiGS_079,2,1,1,0.5287390351295471
drishtiGS_083,2,1,1,0.8679388165473938
drishtiGS_097,2,0,0,0.30546700954437256
drishtiGS_024,3,1,1,0.9741131067276001
drishtiGS_032,3,1,0,0.15911924839019775
drishtiGS_033,3,0,0,0.06869576126337051
drishtiGS_045,3,1,1,0.5695070624351501
drishtiGS_046,3,0,1,0.7150235772132874
drishtiGS_047,3,0,1,0.879517674446106
drishtiGS_060,3,1,1,0.8662081956863403
drishtiGS_075,3,1,1,0.9295318126678467
drishtiGS_076,3,1,1,0.9472638964653015
drishtiGS_089,3,0,1,0.7869375348091125
drishtiGS_090,3,0,1,0.709816575050354
drishtiGS_006,3,1,0,0.0733388215303421
drishtiGS_007,3,0,1,0.8402157425880432
drishtiGS_059,3,1,1,0.9552279114723206
drishtiGS_070,3,1,1,0.7070602178573608
drishtiGS_071,3,1,1,0.9362063407897949
drishtiGS_073,3,1,1,0.761846661567688
drishtiGS_074,3,1,1,0.5146284103393555
drishtiGS_077,3,1,1,0.8721001744270325
drishtiGS_086,3,1,0,0.09409452229738235
drishtiGS_093,3,0,0,0.24958108365535736
drishtiGS_002,4,1,1,0.8346317410469055
drishtiGS_012,4,1,1,0.9076808094978333
drishtiGS_015,4,1,1,0.5262000560760498
drishtiGS_016,4,1,1,0.898468017578125
drishtiGS_022,4,1,1,0.5936505198478699
drishtiGS_026,4,1,1,0.5084312558174133
drishtiGS_035,4,0,1,0.9080040454864502
drishtiGS_040,4,1,0,0.18586154282093048
drishtiGS_066,4,1,1,0.6575359106063843
drishtiGS_094,4,0,1,0.7532473206520081
drishtiGS_001,4,1,1,0.6889613270759583
drishtiGS_005,4,1,1,0.8809096217155457
drishtiGS_011,4,1,1,0.9189460277557373
drishtiGS_023,4,1,1,0.7192642688751221
drishtiGS_034,4,1,1,0.9706263542175293
drishtiGS_039,4,1,1,0.9063152074813843
drishtiGS_072,4,0,1,0.8519593477249146
drishtiGS_091,4,0,0,0.2901461720466614
drishtiGS_095,4,0,0,0.2572648823261261
drishtiGS_099,4,0,1,0.9067087173461914
