feature,mean,std,min,max,nan_count,inf_count,is_constant
glcm_contrast_mean,1.4280972979556665,0.6876120541677063,0.1681921695659395,4.587285564541379,0,0,False
glcm_contrast_std,0.9487644088057071,0.4477744982630018,0.07056816080924544,2.5933664432083727,0,0,False
glcm_dissimilarity_mean,0.633401918717677,0.14190252473873513,0.16457765487056736,1.0519762049569,0,0,False
glcm_dissimilarity_std,0.24783349335339444,0.06856277559797377,0.05905221472139123,0.45323513257387593,0,0,False
glcm_homogeneity_mean,0.7421701434115264,0.05570947065226631,0.6259066701572452,0.9180719078436166,0,0,False
glcm_homogeneity_std,0.0737756055885042,0.019249434391204277,0.022547975298287552,0.10726588207768112,0,0,False
glcm_energy_mean,0.2219822218806407,0.07236085700454786,0.12578079296742808,0.47402740099678514,0,0,False
glcm_energy_std,0.02099349026571749,0.00427527941043713,0.011755304830756087,0.03328906570767392,0,0,False
glcm_asm_mean,0.05496267528098102,0.03844971880960246,0.016206788923759086,0.22489784454389308,0,0,False
glcm_asm_std,0.008827706544330089,0.002200420329598208,0.004130563247018915,0.025952176158446198,0,0,False
glcm_correlation_mean,0.9504316152221588,0.018761919834309047,0.8788757520209628,0.9871970446012694,0,0,False
glcm_correlation_std,0.0327780258390566,0.013698618165134539,0.005520210306868635,0.09146261476221217,0,0,False
glrlm_sre,0.520232214146865,0.05314433607517016,0.2120529069210365,0.6529712877663834,0,0,False
glrlm_lre,34.497488174865865,40.083693768899344,6.241869847231227,269.84384984051684,0,0,False
glrlm_gln,1653.7927823843575,356.71196118183144,809.7410986395873,2942.334245651767,0,0,False
glrlm_rln,4955.457768005885,1623.5225220087657,410.3224364338836,9906.379356033864,0,0,False
glrlm_rp,0.35414517036395526,0.07436983921026265,0.11021205357142858,0.517219387755102,0,0,False
glrlm_lglre,0.02101742594588779,0.024109364783413998,0.0027983128467986155,0.1533715168028944,0,0,False
glrlm_hglre,179.34596998562296,72.92857418706738,20.212225488214855,412.39245486134405,0,0,False
glrlm_srlgle,0.0065861479652641825,0.006174095458101812,0.0009024772447965971,0.042662374206586834,0,0,False
glrlm_srhgle,94.78650439355211,38.32359441450565,8.57510200031211,255.6353176594959,0,0,False
glrlm_lrlgle,17.20656205980216,34.996865690878884,0.023572527911039566,182.50294809968045,0,0,False
glrlm_lrhgle,2689.736186386747,2555.040761301107,710.5312761688567,47290.29728197437,0,0,False
