image_id,outer_fold,y_true,y_prob,y_pred
HRF_01_g,0,1,0.891819179058075,1
HRF_01_h,0,0,0.9289360046386719,1
HRF_02_g,0,1,0.8136524558067322,1
HRF_02_h,0,0,0.9797954559326172,1
HRF_03_g,0,1,0.8456336259841919,1
HRF_03_h,0,0,0.4420827329158783,0
HRF_04_g,0,1,0.7500734925270081,1
HRF_04_h,0,0,0.7446264028549194,1
HRF_05_g,0,1,0.9152712225914001,1
HRF_05_h,0,0,0.8695260286331177,1
HRF_06_g,0,1,0.8967109322547913,1
HRF_06_h,0,0,0.6861786842346191,1
HRF_07_g,0,1,0.8859713673591614,1
HRF_07_h,0,0,0.7896657586097717,1
HRF_08_g,0,1,0.9434065818786621,1
HRF_08_h,0,0,0.8235906362533569,1
HRF_09_g,0,1,0.7397462129592896,1
HRF_09_h,0,0,0.7967476844787598,1
HRF_10_g,0,1,0.6665828824043274,1
HRF_10_h,0,0,0.6011936664581299,1
HRF_11_g,0,1,0.714282214641571,1
HRF_11_h,0,0,0.5413018465042114,1
HRF_12_g,0,1,0.9366041421890259,1
HRF_12_h,0,0,0.696414053440094,1
HRF_13_g,0,1,0.815761387348175,1
HRF_13_h,0,0,0.5367680191993713,1
HRF_14_g,0,1,0.8614405393600464,1
HRF_14_h,0,0,0.5533868670463562,1
HRF_15_g,0,1,0.8219927549362183,1
HRF_15_h,0,0,0.6837334036827087,1
HRF_01_g,1,1,0.9487186074256897,1
HRF_01_h,1,0,0.570087730884552,1
HRF_02_g,1,1,0.9174746870994568,1
HRF_02_h,1,0,0.6918066143989563,1
HRF_03_g,1,1,0.9260780215263367,1
HRF_03_h,1,0,0.10637617111206055,0
HRF_04_g,1,1,0.9448026418685913,1
HRF_04_h,1,0,0.17941394448280334,0
HRF_05_g,1,1,0.7635124921798706,1
HRF_05_h,1,0,0.75154048204422,1
HRF_06_g,1,1,0.7747859358787537,1
HRF_06_h,1,0,0.2883835434913635,0
HRF_07_g,1,1,0.5501469969749451,1
HRF_07_h,1,0,0.7461471557617188,1
HRF_08_g,1,1,0.34914737939834595,0
HRF_08_h,1,0,0.9073601365089417,1
HRF_09_g,1,1,0.6274452805519104,1
HRF_09_h,1,0,0.8076253533363342,1
HRF_10_g,1,1,0.5442545413970947,1
HRF_10_h,1,0,0.790099024772644,1
HRF_11_g,1,1,0.8082835078239441,1
HRF_11_h,1,0,0.5962666869163513,1
HRF_12_g,1,1,0.7571023106575012,1
HRF_12_h,1,0,0.19787099957466125,0
HRF_13_g,1,1,0.9456965923309326,1
HRF_13_h,1,0,0.1412946730852127,0
HRF_14_g,1,1,0.7993369698524475,1
HRF_14_h,1,0,0.09319335222244263,0
HRF_15_g,1,1,0.7944623231887817,1
HRF_15_h,1,0,0.4013409912586212,0
HRF_01_g,2,1,0.3992789387702942,0
HRF_01_h,2,0,0.536414384841919,1
HRF_02_g,2,1,0.4759639799594879,0
HRF_02_h,2,0,0.7854000329971313,1
HRF_03_g,2,1,0.9163593053817749,1
HRF_03_h,2,0,0.4642261862754822,0
HRF_04_g,2,1,0.2237483412027359,0
HRF_04_h,2,0,0.5344276428222656,1
HRF_05_g,2,1,0.9081310629844666,1
HRF_05_h,2,0,0.8464877605438232,1
HRF_06_g,2,1,0.8778346180915833,1
HRF_06_h,2,0,0.46329426765441895,0
HRF_07_g,2,1,0.22604022920131683,0
HRF_07_h,2,0,0.6238908767700195,1
HRF_08_g,2,1,0.6964499950408936,1
HRF_08_h,2,0,0.6301119923591614,1
HRF_09_g,2,1,0.5638000965118408,1
HRF_09_h,2,0,0.6378188133239746,1
HRF_10_g,2,1,0.5377525687217712,1
HRF_10_h,2,0,0.6952361464500427,1
HRF_11_g,2,1,0.21602240204811096,0
HRF_11_h,2,0,0.3236391246318817,0
HRF_12_g,2,1,0.446344256401062,0
HRF_12_h,2,0,0.4457588791847229,0
HRF_13_g,2,1,0.6419109106063843,1
HRF_13_h,2,0,0.6512455344200134,1
HRF_14_g,2,1,0.8191535472869873,1
HRF_14_h,2,0,0.6402673125267029,1
HRF_15_g,2,1,0.7379648685455322,1
HRF_15_h,2,0,0.4654132127761841,0
HRF_01_g,3,1,0.9214121699333191,1
HRF_01_h,3,0,0.8477510809898376,1
HRF_02_g,3,1,0.7282720804214478,1
HRF_02_h,3,0,0.8462743163108826,1
HRF_03_g,3,1,0.9032286405563354,1
HRF_03_h,3,0,0.4688083827495575,0
HRF_04_g,3,1,0.9069499969482422,1
HRF_04_h,3,0,0.7262424826622009,1
HRF_05_g,3,1,0.956507682800293,1
HRF_05_h,3,0,0.9456952214241028,1
HRF_06_g,3,1,0.949541449546814,1
HRF_06_h,3,0,0.657280683517456,1
HRF_07_g,3,1,0.7646133899688721,1
HRF_07_h,3,0,0.8699885606765747,1
HRF_08_g,3,1,0.7571009993553162,1
HRF_08_h,3,0,0.8564197421073914,1
HRF_09_g,3,1,0.8727056384086609,1
HRF_09_h,3,0,0.8179994225502014,1
HRF_10_g,3,1,0.774066686630249,1
HRF_10_h,3,0,0.6734809875488281,1
HRF_11_g,3,1,0.807511031627655,1
HRF_11_h,3,0,0.6057589054107666,1
HRF_12_g,3,1,0.8345566391944885,1
HRF_12_h,3,0,0.5193830728530884,1
HRF_13_g,3,1,0.7282720804214478,1
HRF_13_h,3,0,0.4582211971282959,0
HRF_14_g,3,1,0.8002444505691528,1
HRF_14_h,3,0,0.5047413110733032,1
HRF_15_g,3,1,0.8699885606765747,1
HRF_15_h,3,0,0.8727056384086609,1
HRF_01_g,4,1,0.8935445547103882,1
HRF_01_h,4,0,0.752938985824585,1
HRF_02_g,4,1,0.8600038886070251,1
HRF_02_h,4,0,0.8768618702888489,1
HRF_03_g,4,1,0.9281609058380127,1
HRF_03_h,4,0,0.49743232131004333,0
HRF_04_g,4,1,0.74135422706604,1
HRF_04_h,4,0,0.5222606062889099,1
HRF_05_g,4,1,0.8942049145698547,1
HRF_05_h,4,0,0.9055678248405457,1
HRF_06_g,4,1,0.911651611328125,1
HRF_06_h,4,0,0.7660126090049744,1
HRF_07_g,4,1,0.5189787149429321,1
HRF_07_h,4,0,0.8371422290802002,1
HRF_08_g,4,1,0.7495899200439453,1
HRF_08_h,4,0,0.8627192974090576,1
HRF_09_g,4,1,0.7793784737586975,1
HRF_09_h,4,0,0.8777468204498291,1
HRF_10_g,4,1,0.8007901906967163,1
HRF_10_h,4,0,0.7203220129013062,1
HRF_11_g,4,1,0.7279927730560303,1
HRF_11_h,4,0,0.5034695267677307,1
HRF_12_g,4,1,0.8490945100784302,1
HRF_12_h,4,0,0.5368505120277405,1
HRF_13_g,4,1,0.8280801177024841,1
HRF_13_h,4,0,0.585606575012207,1
HRF_14_g,4,1,0.8183764815330505,1
HRF_14_h,4,0,0.7449057102203369,1
HRF_15_g,4,1,0.8360708951950073,1
HRF_15_h,4,0,0.7109065651893616,1
HRF_01_g,pooled,1,0.8109546899795532,1
HRF_01_h,pooled,0,0.727225661277771,1
HRF_02_g,pooled,1,0.7590734362602234,1
HRF_02_h,pooled,0,0.8360277414321899,1
HRF_03_g,pooled,1,0.9038921594619751,1
HRF_03_h,pooled,0,0.3957851529121399,0
HRF_04_g,pooled,1,0.7133857011795044,1
HRF_04_h,pooled,0,0.5413942337036133,1
HRF_05_g,pooled,1,0.8875254392623901,1
HRF_05_h,pooled,0,0.8637634515762329,1
HRF_06_g,pooled,1,0.8821048736572266,1
HRF_06_h,pooled,0,0.5722299814224243,1
HRF_07_g,pooled,1,0.5891501307487488,1
HRF_07_h,pooled,0,0.7733668684959412,1
HRF_08_g,pooled,1,0.6991389989852905,1
HRF_08_h,pooled,0,0.8160403966903687,1
HRF_09_g,pooled,1,0.7166151404380798,1
HRF_09_h,pooled,0,0.787587583065033,1
HRF_10_g,pooled,1,0.6646893620491028,1
HRF_10_h,pooled,0,0.6960663795471191,1
HRF_11_g,pooled,1,0.6548184156417847,1
HRF_11_h,pooled,0,0.5140872001647949,1
HRF_12_g,pooled,1,0.7647403478622437,1
HRF_12_h,pooled,0,0.4792555272579193,0
HRF_13_g,pooled,1,0.7919442057609558,1
HRF_13_h,pooled,0,0.47462719678878784,0
HRF_14_g,pooled,1,0.8197104334831238,1
HRF_14_h,pooled,0,0.5072989463806152,1
HRF_15_g,pooled,1,0.8120959401130676,1
HRF_15_h,pooled,0,0.6268199682235718,1
