image_id,patient_id,label,class_name,fold,discordant_patient
drishtiGS_001,1077987,1,Glaucoma,4,False
drishtiGS_002,1167573,1,Glaucoma,4,False
drishtiGS_003,1393265,1,Glaucoma,2,False
drishtiGS_004,1393265,1,Glaucoma,2,False
drishtiGS_005,1481925,1,Glaucoma,4,False
drishtiGS_006,1514781,1,Glaucoma,3,True
drishtiGS_007,1514781,0,Normal,3,True
drishtiGS_008,1558499,0,Normal,1,False
drishtiGS_009,1558499,0,Normal,1,False
drishtiGS_010,1566239,1,Glaucoma,1,False
drishtiGS_011,1731185,1,Glaucoma,4,False
drishtiGS_012,1731185,1,Glaucoma,4,False
drishtiGS_013,1895846,0,Normal,2,False
drishtiGS_014,1972140,1,Glaucoma,2,False
drishtiGS_015,1976679,1,Glaucoma,4,False
drishtiGS_016,1976679,1,Glaucoma,4,False
drishtiGS_017,2009791,0,Normal,1,False
drishtiGS_018,2009791,0,Normal,1,False
drishtiGS_019,2020775,1,Glaucoma,1,False
drishtiGS_020,2030682,1,Glaucoma,2,False
drishtiGS_021,2040729,1,Glaucoma,1,False
drishtiGS_022,2070741,1,Glaucoma,4,False
drishtiGS_023,2070741,1,Glaucoma,4,False
drishtiGS_024,2071112,1,Glaucoma,3,False
drishtiGS_025,2209395,1,Glaucoma,0,False
drishtiGS_026,2222807,1,Glaucoma,4,False
drishtiGS_027,2248277,1,Glaucoma,2,False
drishtiGS_028,2248277,1,Glaucoma,2,False
drishtiGS_029,2292498,1,Glaucoma,1,False
drishtiGS_030,2292498,1,Glaucoma,1,False
drishtiGS_031,2330992,1,Glaucoma,0,False
drishtiGS_032,2344972,1,Glaucoma,3,True
drishtiGS_033,2344972,0,Normal,3,True
drishtiGS_034,2356217,1,Glaucoma,4,True
drishtiGS_035,2356217,0,Normal,4,True
drishtiGS_036,2360136,0,Normal,0,False
drishtiGS_037,2362130,0,Normal,0,True
drishtiGS_038,2362130,1,Glaucoma,0,True
drishtiGS_039,2396691,1,Glaucoma,4,False
drishtiGS_040,2396691,1,Glaucoma,4,False
drishtiGS_041,2399380,0,Normal,0,False
drishtiGS_042,2399380,0,Normal,0,False
drishtiGS_043,2477980,1,Glaucoma,0,False
drishtiGS_044,2477980,1,Glaucoma,0,False
drishtiGS_045,2489693,1,Glaucoma,3,False
drishtiGS_046,2508068,0,Normal,3,False
drishtiGS_047,2508068,0,Normal,3,False
drishtiGS_048,2520061,1,Glaucoma,1,False
drishtiGS_049,2520061,1,Glaucoma,1,False
drishtiGS_050,2564907,1,Glaucoma,2,False
drishtiGS_051,2564907,1,Glaucoma,2,False
drishtiGS_052,2575322,1,Glaucoma,0,False
drishtiGS_053,2575322,1,Glaucoma,0,False
drishtiGS_054,2598343,1,Glaucoma,2,False
drishtiGS_055,2598343,1,Glaucoma,2,False
drishtiGS_056,2617454,1,Glaucoma,2,True
drishtiGS_057,2617454,0,Normal,2,True
drishtiGS_058,2639071,1,Glaucoma,1,False
drishtiGS_059,2682713,1,Glaucoma,3,False
drishtiGS_060,2682713,1,Glaucoma,3,False
drishtiGS_061,2694008,1,Glaucoma,0,False
drishtiGS_062,2694008,1,Glaucoma,0,False
drishtiGS_063,2695077,1,Glaucoma,1,False
drishtiGS_064,2708535,1,Glaucoma,1,False
drishtiGS_065,2708535,1,Glaucoma,1,False
drishtiGS_066,2711113,1,Glaucoma,4,False
drishtiGS_067,2737392,1,Glaucoma,0,False
drishtiGS_068,2745345,1,Glaucoma,0,False
drishtiGS_069,2745345,1,Glaucoma,0,False
drishtiGS_070,2763334,1,Glaucoma,3,False
drishtiGS_071,2763334,1,Glaucoma,3,False
drishtiGS_072,2769581,0,Normal,4,False
drishtiGS_073,2796817,1,Glaucoma,3,False
drishtiGS_074,2797768,1,Glaucoma,3,False
drishtiGS_075,2803745,1,Glaucoma,3,False
drishtiGS_076,2804213,1,Glaucoma,3,False
drishtiGS_077,2804213,1,Glaucoma,3,False
drishtiGS_078,2804233,0,Normal,2,False
drishtiGS_079,2816193,1,Glaucoma,2,False
drishtiGS_080,2826276,1,Glaucoma,2,False
drishtiGS_081,2827617,1,Glaucoma,1,False
drishtiGS_082,2827617,1,Glaucoma,1,False
drishtiGS_083,2828224,1,Glaucoma,2,False
drishtiGS_084,2829822,1,Glaucoma,1,True
drishtiGS_085,2829822,0,Normal,1,True
drishtiGS_086,2835701,1,Glaucoma,3,False
drishtiGS_087,2839795,1,Glaucoma,0,False
drishtiGS_088,2842932,1,Glaucoma,0,False
drishtiGS_089,2864585,0,Normal,3,False
drishtiGS_090,2864585,0,Normal,3,False
drishtiGS_091,2864740,0,Normal,4,False
drishtiGS_092,2864754,0,Normal,2,False
drishtiGS_093,2864766,0,Normal,3,False
drishtiGS_094,2864781,0,Normal,4,False
drishtiGS_095,2864781,0,Normal,4,False
drishtiGS_096,2864804,0,Normal,1,False
drishtiGS_097,2864821,0,Normal,2,False
drishtiGS_098,2864821,0,Normal,2,False
drishtiGS_099,2864831,0,Normal,4,False
drishtiGS_100,2864841,0,Normal,0,False
drishtiGS_101,2864841,0,Normal,0,False
